feedback_id,account_id,date,feedback_text,,,,,,,,,,,,,,,
F001,STF-01,2026-06-05,I wish I could change the colors and layout of every dashboard.,,,,,,,,,,,,,,,
F002,STF-02,2026-06-02,The dashboard feels too rigid. I want to move the cards around.,,,,,,,,,,,,,,,
F003,STF-03,2026-06-13,Can we get more themes and color options?,,,,,,,,,,,,,,,
F004,STF-04,2026-07-15,I would like more control over fonts and spacing in reports.,,,,,,,,,,,,,,,
F005,STF-05,2026-07-10,There are not enough dashboard templates for my use case.,,,,,,,,,,,,,,,
F006,STF-06,2026-06-11,I want to hide widgets I do not use.,,,,,,,,,,,,,,,
F007,STF-07,2026-07-13,"The default dashboard is fine, but I want a more polished look.",,,,,,,,,,,,,,,
F008,STF-08,2026-06-16,Please let me create custom dashboard layouts.,,,,,,,,,,,,,,,
F009,STF-09,2026-06-01,I would like to rearrange the charts without upgrading.,,,,,,,,,,,,,,,
F010,STF-10,2026-06-05,More color palettes would make client screenshots look better.,,,,,,,,,,,,,,,
F011,STF-11,2026-06-28,The dashboard needs a dark mode.,,,,,,,,,,,,,,,
F012,STF-12,2026-07-06,I want to customize the home screen for each project.,,,,,,,,,,,,,,,
F013,STF-01,2026-07-01,I wish I could change the colors and layout of every dashboard.,,,,,,,,,,,,,,,
F014,STF-02,2026-05-26,The dashboard feels too rigid. I want to move the cards around.,,,,,,,,,,,,,,,
F015,STF-03,2026-06-10,Can we get more themes and color options?,,,,,,,,,,,,,,,
F016,STF-04,2026-06-16,I would like more control over fonts and spacing in reports.,,,,,,,,,,,,,,,
F017,STF-17,2026-07-06,There are not enough dashboard templates for my use case.,,,,,,,,,,,,,,,
F018,STF-18,2026-06-26,I want to hide widgets I do not use.,,,,,,,,,,,,,,,
F019,STF-19,2026-05-28,"The default dashboard is fine, but I want a more polished look.",,,,,,,,,,,,,,,
F020,STF-20,2026-07-02,Please let me create custom dashboard layouts.,,,,,,,,,,,,,,,
F021,STF-21,2026-07-08,I would like to rearrange the charts without upgrading.,,,,,,,,,,,,,,,
F022,STF-22,2026-06-08,More color palettes would make client screenshots look better.,,,,,,,,,,,,,,,
F023,STF-23,2026-07-11,The dashboard needs a dark mode.,,,,,,,,,,,,,,,
F024,STF-24,2026-06-30,I want to customize the home screen for each project.,,,,,,,,,,,,,,,
F025,ENT-01,2026-06-26,The Salesforce sync skipped updated opportunities again. Our pipeline report was wrong.,,,,,,,,,,,,,,,
F026,ENT-02,2026-07-17,We cannot trust the Salesforce integration because records arrive hours late.,,,,,,,,,,,,,,,
F027,ENT-03,2026-07-11,Duplicate contacts keep appearing after the Salesforce sync.,,,,,,,,,,,,,,,
F028,ENT-04,2026-07-08,The integration failed during our quarter-end reporting process.,,,,,,,,,,,,,,,
F029,ENT-05,2026-05-31,We are considering canceling because the Salesforce data cannot be trusted.,,,,,,,,,,,,,,,
F030,ENT-06,2026-07-10,Our sales team stopped using FlowPilot after another failed sync.,,,,,,,,,,,,,,,
F031,ENT-07,2026-06-03,The Salesforce connection drops without warning and requires an admin to reconnect it.,,,,,,,,,,,,,,,
F032,SMB-01,2026-07-10,Account ownership changes are not reflected correctly after syncing.,,,,,,,,,,,,,,,
F033,SMB-02,2026-07-20,"The sync works most days, but the failures are serious when they happen.",,,,,,,,,,,,,,,
F034,SMB-03,2026-07-12,We lost confidence in the dashboard because Salesforce totals do not match.,,,,,,,,,,,,,,,
F035,STP-01,2026-08-03,After the latest update I cannot log in on mobile unless I reinstall the app.,,,,,,,,,,,,,,,
F036,STP-02,2026-07-31,Mobile login stopped working this week. Desktop is fine.,,,,,,,,,,,,,,,
F037,STP-03,2026-08-03,The app keeps sending me back to the login screen after the update.,,,,,,,,,,,,,,,
F038,SMB-04,2026-07-26,Face ID no longer completes login on iOS.,,,,,,,,,,,,,,,
F039,SMB-05,2026-08-01,Our field team cannot sign in on mobile since version 3.8.,,,,,,,,,,,,,,,
F040,SMB-06,2026-07-26,The mobile app says my session expired immediately after I log in.,,,,,,,,,,,,,,,
F041,SMB-07,2026-08-02,Several employees reported the same mobile login loop this morning.,,,,,,,,,,,,,,,
F042,ENT-08,2026-07-31,Android login started failing after the most recent release.,,,,,,,,,,,,,,,
F043,ENT-02,2026-05-27,Contractors can see projects they should not have access to.,,,,,,,,,,,,,,,
F044,ENT-03,2026-06-30,We need role-based permissions before we can roll this out to more departments.,,,,,,,,,,,,,,,
F045,ENT-04,2026-07-06,Admin controls are too basic for a company our size.,,,,,,,,,,,,,,,
F046,ENT-05,2026-07-02,"We need separate permissions for viewing, editing, and exporting data.",,,,,,,,,,,,,,,
F047,ENT-06,2026-06-24,The lack of audit logs is blocking our security review.,,,,,,,,,,,,,,,
F048,ENT-07,2026-07-01,Managers need access to team dashboards without seeing individual compensation data.,,,,,,,,,,,,,,,
F049,ENT-08,2026-06-08,We cannot expand beyond one business unit until permissions improve.,,,,,,,,,,,,,,,
F050,ENT-09,2026-07-16,Please add approval controls for external collaborators.,,,,,,,,,,,,,,,
F051,SMB-09,2026-07-13,Setup was surprisingly easy. We had the whole team working in one afternoon.,,,,,,,,,,,,,,,
F052,SMB-10,2026-07-10,The templates helped us launch our first workflow quickly.,,,,,,,,,,,,,,,
F053,SMB-11,2026-06-14,I understood the basics without needing a demo.,,,,,,,,,,,,,,,
F054,SMB-12,2026-06-01,The onboarding checklist was clear and useful.,,,,,,,,,,,,,,,
F055,SMB-13,2026-07-25,Connecting the first data source was confusing and I almost gave up.,,,,,,,,,,,,,,,
F056,SMB-14,2026-06-30,I could not tell which setup step was required versus optional.,,,,,,,,,,,,,,,
F057,SMB-15,2026-07-11,The tutorial assumes I already understand workflow automation.,,,,,,,,,,,,,,,
F058,SMB-16,2026-07-04,"Setup was easy, but inviting teammates was harder than expected.",,,,,,,,,,,,,,,
F059,STP-09,2026-06-15,The sample project made the product click for me.,,,,,,,,,,,,,,,
F060,STP-10,2026-06-15,"I needed support to finish setup, but the support response was excellent.",,,,,,,,,,,,,,,
F061,STF-21,2026-07-07,We need more dashboard templates. I do not know which reports leadership actually needs.,,,,,,,,,,,,,,,
F062,STF-22,2026-06-15,Please add a weekly executive report template.,,,,,,,,,,,,,,,
F063,STF-23,2026-05-29,"I want a template for board reporting, but I am not sure which metrics matter.",,,,,,,,,,,,,,,
F064,STF-24,2026-06-26,The reports show a lot of data but do not tell me what needs attention.,,,,,,,,,,,,,,,
F065,STF-25,2026-06-11,Can the product recommend which KPIs to track for a SaaS company?,,,,,,,,,,,,,,,
F066,SMB-18,2026-07-20,I need a simple way to explain project health to leadership.,,,,,,,,,,,,,,,
F067,SMB-19,2026-06-29,"More templates would help, but the real problem is choosing the right measures.",,,,,,,,,,,,,,,
F068,SMB-20,2026-07-23,I spend too much time deciding which charts belong in a client update.,,,,,,,,,,,,,,,
F069,SMB-01,2026-05-25,"The reporting builder is flexible, but I do not know where to start.",,,,,,,,,,,,,,,
F070,SMB-02,2026-06-13,A guided report based on my business goal would be more useful than another blank template.,,,,,,,,,,,,,,,
F071,SMB-01,2026-06-25,Large projects take too long to load during our Monday planning meeting.,,,,,,,,,,,,,,,
F072,SMB-02,2026-07-10,The dashboard becomes sluggish when we filter more than six months of data.,,,,,,,,,,,,,,,
F073,SMB-03,2026-07-04,Exports sometimes time out for our largest workspace.,,,,,,,,,,,,,,,
F074,SMB-04,2026-06-11,Search is noticeably slower than it was last quarter.,,,,,,,,,,,,,,,
F075,ENT-10,2026-06-21,The app freezes briefly when several teammates update tasks at once.,,,,,,,,,,,,,,,
F076,ENT-11,2026-06-06,Performance is fine for small projects but degrades as our workspace grows.,,,,,,,,,,,,,,,
F077,STP-11,2026-06-23,I was charged for a seat that had already been removed.,,,,,,,,,,,,,,,
F078,STP-12,2026-06-23,The upgrade screen does not clearly explain annual versus monthly pricing.,,,,,,,,,,,,,,,
F079,STP-13,2026-06-22,We need consolidated billing across multiple workspaces.,,,,,,,,,,,,,,,
F080,ENT-11,2026-06-23,The invoice does not include the purchase order number our finance team requires.,,,,,,,,,,,,,,,
F081,ENT-12,2026-07-01,The free-to-paid transition was confusing and we were surprised by the first bill.,,,,,,,,,,,,,,,
F082,SMB-06,2026-07-22,The shared workspace finally replaced three different spreadsheets for our team.,,,,,,,,,,,,,,,
F083,SMB-07,2026-07-11,Comments and mentions make handoffs much clearer.,,,,,,,,,,,,,,,
F084,SMB-08,2026-06-01,Support responded within an hour and solved the issue immediately.,,,,,,,,,,,,,,,
F085,SMB-09,2026-07-10,The project templates save us several hours every month.,,,,,,,,,,,,,,,
F086,SMB-10,2026-06-10,Our weekly planning meeting is shorter because everyone sees the same status.,,,,,,,,,,,,,,,
F087,SMB-11,2026-07-17,The collaboration features are the main reason we renewed.,,,,,,,,,,,,,,,
F088,ENT-09,2026-06-16,The support team explained the workaround clearly and followed up afterward.,,,,,,,,,,,,,,,
F089,ENT-10,2026-07-29,We use the shared timeline with every client now.,,,,,,,,,,,,,,,
F090,ENT-11,2026-07-11,The product is becoming the operating hub for our delivery team.,,,,,,,,,,,,,,,